Workbook

Sheet Customers
A1: Customer_ID | B1: Cutomer name | C1: Gender | D1: Age | E1: City | F1: State | G1: Email | H1: Phone
A2: 1001 | B2: Michael Mitchell | C2: Male | D2: 35 | E2: Mumbai | F2: Maharashtra | G2: michael@gmail.com | H2: +917586628229
A3: 1002 | B3: Scott Chen | C3: Male | D3: 21 | E3: Mumbai | F3: West Bengal | G3: scottc@gmail.com | H3: +917170907647
A4: 1003 | B4: Amanda Miller | C4: Male | D4: 22 | E4: Chennai | F4: Karnataka | G4: amanda@gmail.com | H4: +919289049648
A5: 1004 | B5: Holly Hopkins | C5: Female | D5: 65 | E5: Mumbai | F5: West Bengal | G5: hollyh@gmail.com | H5: +919670952298
A6: 1005 | B6: Nathan Porter | C6: Female | D6: 49 | E6: Mumbai | F6: Telangana | G6: nathan@gmail.com | H6: +917895369063
A7: 1006 | B7: Melissa Peterson | C7: Male | D7: 49 | E7: Delhi | F7: Telangana | G7: melissa@gmail.com | H7: +917781869953
A8: 1007 | B8: Daniel Quinn | C8: Female | D8: 40 | E8: Pune | F8: West Bengal | G8: daniel@gmail.com | H8: +918500897050
A9: 1008 | B9: Elizabeth Woods | C9: Female | D9: 61 | E9: Pune | F9: Tamil Nadu | G9: elizabe@gmail.com | H9: +918994109975
A10: 1009 | B10: Kayla Long | C10: Male | D10: 57 | E10: Pune | F10: Tamil Nadu | G10: kaylal@gmail.com | H10: +917425019165
A11: 1010 | B11: Maria Lewis | C11: Male | D11: 27 | E11: Pune | F11: Telangana | G11: marial@gmail.com | H11: +916523341479
A12: 1011 | B12: Lindsey West | C12: Female | D12: 19 | E12: Hyderabad | F12: Maharashtra | G12: lindsey@gmail.com | H12: +917864447959
A13: 1012 | B13: John Dunlap | C13: Male | D13: 52 | E13: Delhi | F13: Tamil Nadu | G13: johndu@gmail.com | H13: +918179068653
... A301: 1300 | B301: Shelly Marsh | C301: Male | D301: 24 | E301: Pune | F301: West Bengal | G301: shelly@gmail.com | H301: +917593560068

Sheet Stores
A1: Store_ID | B1: Store_Name | C1: City | D1: State
A2: 3001 | B2: Store_1 | C2: Bangalore | D2: Delhi
A3: 3002 | B3: Store_2 | C3: Kolkata | D3: Karnataka
A4: 3003 | B4: Store_3 | C4: Ahmedabad | D4: Uttar Pradesh
A5: 3004 | B5: Store_4 | C5: Kolkata | D5: West Bengal
A6: 3005 | B6: Store_5 | C6: Chennai | D6: Telangana
A7: 3006 | B7: Store_6 | C7: Bangalore | D7: Uttar Pradesh
A8: 3007 | B8: Store_7 | C8: Chennai | D8: Gujarat
A9: 3008 | B9: Store_8 | C9: Bangalore | D9: Karnataka
A10: 3009 | B10: Store_9 | C10: Jaipur | D10: Gujarat
A11: 3010 | B11: Store_10 | C11: Mumbai | D11: Rajasthan
A12: 3011 | B12: Store_11 | C12: Ahmedabad | D12: Uttar Pradesh
A13: 3012 | B13: Store_12 | C13: Mumbai | D13: Maharashtra
... A36: 3035 | B36: Store_35 | C36: Delhi | D36: Maharashtra

Sheet Sales
A1: Sale_ID | B1: Customer_ID | C1: Product_ID | D1: Store_ID | E1: Quantity | F1: Discount | G1: Sale_Date | H1: Total_Amount
A2: 4001 | B2: 1136 | C2: 2025 | D2: 3003 | E2: 4 | F2: 12 | G2: 45587 | H2: 59838.8
A3: 4002 | B3: 1233 | C3: 2023 | D3: 3021 | E3: 3 | F3: 14 | G3: 45593 | H3: 12384.34
A4: 4003 | B4: 1267 | C4: 2015 | D4: 3012 | E4: 3 | F4: 26 | G4: 45593 | H4: 39086.16
A5: 4004 | B5: 1031 | C5: 2003 | D5: 3019 | E5: 1 | F5: 18 | G5: 45612 | H5: 10893.37
A6: 4005 | B6: 1237 | C6: 2002 | D6: 3006 | E6: 5 | F6: 18 | G6: 45615 | H6: 39303.92
A7: 4006 | B7: 1095 | C7: 2021 | D7: 3012 | E7: 1 | F7: 10 | G7: 45594 | H7: 15908.3
A8: 4007 | B8: 1105 | C8: 2012 | D8: 3011 | E8: 1 | F8: 5 | G8: 45600 | H8: 11234.49
A9: 4008 | B9: 1007 | C9: 2012 | D9: 3032 | E9: 2 | F9: 12 | G9: 45593 | H9: 20940.51
A10: 4009 | B10: 1239 | C10: 2016 | D10: 3014 | E10: 5 | F10: 6 | G10: 45576 | H10: 57739.39
A11: 4010 | B11: 1293 | C11: 2005 | D11: 3033 | E11: 4 | F11: 17 | G11: 45580 | H11: 12716.62
A12: 4011 | B12: 1062 | C12: 2015 | D12: 3027 | E12: 1 | F12: 13 | G12: 45590 | H12: 15403.5
A13: 4012 | B13: 1052 | C13: 2009 | D13: 3034 | E13: 1 | F13: 2 | G13: 45613 | H13: 10824.96
... A1001: 5000 | B1001: 1188 | C1001: 2012 | D1001: 3016 | E1001: 3 | F1001: 3 | G1001: 45596 | H1001: 34639.77

Sheet Products
A1: Product_ID | B1: Product_Name | C1: Category | D1: Price
A2: 2001 | B2: Sweets Box | C2: Sweets & Gifts | D2: 7228
A3: 2002 | B3: Saree | C3: Clothing | D3: 9534
A4: 2003 | B4: Kurta | C4: Clothing | D4: 13241
A5: 2004 | B5: Smartphone | C5: Electronics | D5: 4952
A6: 2005 | B6: LED Lamp | C6: Home Decor | D6: 3828
A7: 2006 | B7: Crackers Pack | C7: Crackers | D7: 12060
A8: 2007 | B8: Gift Hamper | C8: Sweets & Gifts | D8: 3412
A9: 2008 | B9: Earthen Diyas | C9: Home Decor | D9: 2136
A10: 2009 | B10: Bluetooth Speaker | C10: Electronics | D10: 11047
A11: 2010 | B11: Chocolate Box | C11: Sweets & Gifts | D11: 17909
A12: 2011 | B12: Festive Thali | C12: Other | D12: 7481
A13: 2012 | B13: Wall Hanging | C13: Home Decor | D13: 11867
... A26: 2025 | B26: Handbag | C26: Accessories | D26: 17019

Sheet Sales table
A1: Customer_ID | B1: Product_ID | C1: Store_ID | D1: Customer name | E1: Age | F1: City | G1: Product name | H1: Category | I1: Price | J1: Sales date | K1: Sales quantity | L1: Total amount
A2: 1136 | B2: 2025 | C2: 3003 | D2: =VLOOKUP('Sales table'!$A:$A,Customers!$A:$H,2,FALSE) -> Brooke Oliver | E2: =VLOOKUP('Sales table'!$A:$A,Customers!$A:$H,4,FALSE) -> 30 | F2: =VLOOKUP('Sales table'!$A:$A,Customers!$A:$H,5,FALSE) -> Chennai | G2: =VLOOKUP($B:$B,Products!$A:$D,2,FALSE) -> Handbag | H2: =VLOOKUP($B:$B,Products!$A:$D,3,FALSE) -> Accessories | I2: =VLOOKUP($B:$B,Products!$A:$D,4,FALSE) -> 17019 | J2: =VLOOKUP($A:$A,Sales!$B:$H,6,FALSE) -> 45587 | K2: =VLOOKUP($A:$A,Sales!$B:$H,4,FALSE) -> 4 | L2: =I2*K2 -> 68076
A3: 1233 | B3: 2023 | C3: 3021 | D3: =VLOOKUP('Sales table'!$A:$A,Customers!$A:$H,2,FALSE) -> Matthew Jennings | E3: =VLOOKUP('Sales table'!$A:$A,Customers!$A:$H,4,FALSE) -> 65 | F3: =VLOOKUP('Sales table'!$A:$A,Customers!$A:$H,5,FALSE) -> Bangalore | G3: =VLOOKUP($B:$B,Products!$A:$D,2,FALSE) -> Kids Wear | H3: =VLOOKUP($B:$B,Products!$A:$D,3,FALSE) -> Clothing | I3: =VLOOKUP($B:$B,Products!$A:$D,4,FALSE) -> 4794 | J3: =VLOOKUP($A:$A,Sales!$B:$H,6,FALSE) -> 45593 | K3: =VLOOKUP($A:$A,Sales!$B:$H,4,FALSE) -> 3 | L3: =I3*K3 -> 14382
A4: 1267 | B4: 2015 | C4: 3012 | D4: =VLOOKUP('Sales table'!$A:$A,Customers!$A:$H,2,FALSE) -> Sharon Cannon | E4: =VLOOKUP('Sales table'!$A:$A,Customers!$A:$H,4,FALSE) -> 55 | F4: =VLOOKUP('Sales table'!$A:$A,Customers!$A:$H,5,FALSE) -> Mumbai | G4: =VLOOKUP($B:$B,Products!$A:$D,2,FALSE) -> Candle Set | H4: =VLOOKUP($B:$B,Products!$A:$D,3,FALSE) -> Home Decor | I4: =VLOOKUP($B:$B,Products!$A:$D,4,FALSE) -> 17604 | J4: =VLOOKUP($A:$A,Sales!$B:$H,6,FALSE) -> 45593 | K4: =VLOOKUP($A:$A,Sales!$B:$H,4,FALSE) -> 3 | L4: =I4*K4 -> 52812
A5: 1031 | B5: 2003 | C5: 3019 | D5: =VLOOKUP('Sales table'!$A:$A,Customers!$A:$H,2,FALSE) -> William Smith | E5: =VLOOKUP('Sales table'!$A:$A,Customers!$A:$H,4,FALSE) -> 46 | F5: =VLOOKUP('Sales table'!$A:$A,Customers!$A:$H,5,FALSE) -> Hyderabad | G5: =VLOOKUP($B:$B,Products!$A:$D,2,FALSE) -> Kurta | H5: =VLOOKUP($B:$B,Products!$A:$D,3,FALSE) -> Clothing | I5: =VLOOKUP($B:$B,Products!$A:$D,4,FALSE) -> 13241 | J5: =VLOOKUP($A:$A,Sales!$B:$H,6,FALSE) -> 45612 | K5: =VLOOKUP($A:$A,Sales!$B:$H,4,FALSE) -> 1 | L5: =I5*K5 -> 13241
A6: 1237 | B6: 2002 | C6: 3006 | D6: =VLOOKUP('Sales table'!$A:$A,Customers!$A:$H,2,FALSE) -> Oscar Diaz | E6: =VLOOKUP('Sales table'!$A:$A,Customers!$A:$H,4,FALSE) -> 49 | F6: =VLOOKUP('Sales table'!$A:$A,Customers!$A:$H,5,FALSE) -> Kolkata | G6: =VLOOKUP($B:$B,Products!$A:$D,2,FALSE) -> Saree | H6: =VLOOKUP($B:$B,Products!$A:$D,3,FALSE) -> Clothing | I6: =VLOOKUP($B:$B,Products!$A:$D,4,FALSE) -> 9534 | J6: =VLOOKUP($A:$A,Sales!$B:$H,6,FALSE) -> 45615 | K6: =VLOOKUP($A:$A,Sales!$B:$H,4,FALSE) -> 5 | L6: =I6*K6 -> 47670
A7: 1095 | B7: 2021 | C7: 3012 | D7: =VLOOKUP('Sales table'!$A:$A,Customers!$A:$H,2,FALSE) -> Edward Johnson | E7: =VLOOKUP('Sales table'!$A:$A,Customers!$A:$H,4,FALSE) -> 49 | F7: =VLOOKUP('Sales table'!$A:$A,Customers!$A:$H,5,FALSE) -> Kolkata | G7: =VLOOKUP($B:$B,Products!$A:$D,2,FALSE) -> Smartwatch | H7: =VLOOKUP($B:$B,Products!$A:$D,3,FALSE) -> Electronics | I7: =VLOOKUP($B:$B,Products!$A:$D,4,FALSE) -> 17586 | J7: =VLOOKUP($A:$A,Sales!$B:$H,6,FALSE) -> 45594 | K7: =VLOOKUP($A:$A,Sales!$B:$H,4,FALSE) -> 1 | L7: =I7*K7 -> 17586
A8: 1105 | B8: 2012 | C8: 3011 | D8: =VLOOKUP('Sales table'!$A:$A,Customers!$A:$H,2,FALSE) -> Randall Odonnell | E8: =VLOOKUP('Sales table'!$A:$A,Customers!$A:$H,4,FALSE) -> 33 | F8: =VLOOKUP('Sales table'!$A:$A,Customers!$A:$H,5,FALSE) -> Mumbai | G8: =VLOOKUP($B:$B,Products!$A:$D,2,FALSE) -> Wall Hanging | H8: =VLOOKUP($B:$B,Products!$A:$D,3,FALSE) -> Home Decor | I8: =VLOOKUP($B:$B,Products!$A:$D,4,FALSE) -> 11867 | J8: =VLOOKUP($A:$A,Sales!$B:$H,6,FALSE) -> 45600 | K8: =VLOOKUP($A:$A,Sales!$B:$H,4,FALSE) -> 1 | L8: =I8*K8 -> 11867
A9: 1007 | B9: 2012 | C9: 3032 | D9: =VLOOKUP('Sales table'!$A:$A,Customers!$A:$H,2,FALSE) -> Daniel Quinn | E9: =VLOOKUP('Sales table'!$A:$A,Customers!$A:$H,4,FALSE) -> 40 | F9: =VLOOKUP('Sales table'!$A:$A,Customers!$A:$H,5,FALSE) -> Pune | G9: =VLOOKUP($B:$B,Products!$A:$D,2,FALSE) -> Wall Hanging | H9: =VLOOKUP($B:$B,Products!$A:$D,3,FALSE) -> Home Decor | I9: =VLOOKUP($B:$B,Products!$A:$D,4,FALSE) -> 11867 | J9: =VLOOKUP($A:$A,Sales!$B:$H,6,FALSE) -> 45593 | K9: =VLOOKUP($A:$A,Sales!$B:$H,4,FALSE) -> 2 | L9: =I9*K9 -> 23734
A10: 1239 | B10: 2016 | C10: 3014 | D10: =VLOOKUP('Sales table'!$A:$A,Customers!$A:$H,2,FALSE) -> Robert Burton | E10: =VLOOKUP('Sales table'!$A:$A,Customers!$A:$H,4,FALSE) -> 32 | F10: =VLOOKUP('Sales table'!$A:$A,Customers!$A:$H,5,FALSE) -> Chennai | G10: =VLOOKUP($B:$B,Products!$A:$D,2,FALSE) -> Fairy Lights | H10: =VLOOKUP($B:$B,Products!$A:$D,3,FALSE) -> Home Decor | I10: =VLOOKUP($B:$B,Products!$A:$D,4,FALSE) -> 12242 | J10: =VLOOKUP($A:$A,Sales!$B:$H,6,FALSE) -> 45576 | K10: =VLOOKUP($A:$A,Sales!$B:$H,4,FALSE) -> 5 | L10: =I10*K10 -> 61210
A11: 1293 | B11: 2005 | C11: 3033 | D11: =VLOOKUP('Sales table'!$A:$A,Customers!$A:$H,2,FALSE) -> Debbie Rocha | E11: =VLOOKUP('Sales table'!$A:$A,Customers!$A:$H,4,FALSE) -> 33 | F11: =VLOOKUP('Sales table'!$A:$A,Customers!$A:$H,5,FALSE) -> Hyderabad | G11: =VLOOKUP($B:$B,Products!$A:$D,2,FALSE) -> LED Lamp | H11: =VLOOKUP($B:$B,Products!$A:$D,3,FALSE) -> Home Decor | I11: =VLOOKUP($B:$B,Products!$A:$D,4,FALSE) -> 3828 | J11: =VLOOKUP($A:$A,Sales!$B:$H,6,FALSE) -> 45580 | K11: =VLOOKUP($A:$A,Sales!$B:$H,4,FALSE) -> 4 | L11: =I11*K11 -> 15312
A12: 1062 | B12: 2015 | C12: 3027 | D12: =VLOOKUP('Sales table'!$A:$A,Customers!$A:$H,2,FALSE) -> William Murphy | E12: =VLOOKUP('Sales table'!$A:$A,Customers!$A:$H,4,FALSE) -> 34 | F12: =VLOOKUP('Sales table'!$A:$A,Customers!$A:$H,5,FALSE) -> Chennai | G12: =VLOOKUP($B:$B,Products!$A:$D,2,FALSE) -> Candle Set | H12: =VLOOKUP($B:$B,Products!$A:$D,3,FALSE) -> Home Decor | I12: =VLOOKUP($B:$B,Products!$A:$D,4,FALSE) -> 17604 | J12: =VLOOKUP($A:$A,Sales!$B:$H,6,FALSE) -> 45590 | K12: =VLOOKUP($A:$A,Sales!$B:$H,4,FALSE) -> 1 | L12: =I12*K12 -> 17604
A13: 1052 | B13: 2009 | C13: 3034 | D13: =VLOOKUP('Sales table'!$A:$A,Customers!$A:$H,2,FALSE) -> Kristin Ayers | E13: =VLOOKUP('Sales table'!$A:$A,Customers!$A:$H,4,FALSE) -> 38 | F13: =VLOOKUP('Sales table'!$A:$A,Customers!$A:$H,5,FALSE) -> Bangalore | G13: =VLOOKUP($B:$B,Products!$A:$D,2,FALSE) -> Bluetooth Speaker | H13: =VLOOKUP($B:$B,Products!$A:$D,3,FALSE) -> Electronics | I13: =VLOOKUP($B:$B,Products!$A:$D,4,FALSE) -> 11047 | J13: =VLOOKUP($A:$A,Sales!$B:$H,6,FALSE) -> 45613 | K13: =VLOOKUP($A:$A,Sales!$B:$H,4,FALSE) -> 1 | L13: =I13*K13 -> 11047
... A1001: 1188 | B1001: 2012 | C1001: 3016 | D1001: =VLOOKUP('Sales table'!$A:$A,Customers!$A:$H,2,FALSE) -> Timothy Graham | E1001: =VLOOKUP('Sales table'!$A:$A,Customers!$A:$H,4,FALSE) -> 33 | F1001: =VLOOKUP('Sales table'!$A:$A,Customers!$A:$H,5,FALSE) -> Kolkata | G1001: =VLOOKUP($B:$B,Products!$A:$D,2,FALSE) -> Wall Hanging | H1001: =VLOOKUP($B:$B,Products!$A:$D,3,FALSE) -> Home Decor | I1001: =VLOOKUP($B:$B,Products!$A:$D,4,FALSE) -> 11867 | J1001: =VLOOKUP($A:$A,Sales!$B:$H,6,FALSE) -> 45581 | K1001: =VLOOKUP($A:$A,Sales!$B:$H,4,FALSE) -> 3 | L1001: =I1001*K1001 -> 35601

Sheet Pivot Table
A1: Row Labels | B1: Sum of Total amount | E1: Row Labels | F1: Sum of Sales quantity | I1: Row Labels | J1: Sum of Price
A2: Accessories | B2: 4174074 | E2: Accessories | F2: 250 | I2: <10-10-2024
A3: Clothing | B3: 5501407 | E3: Clothing | F3: 540 | I3: Oct | J3: 4777604
A4: Crackers | B4: 1374840 | E4: Crackers | F4: 114 | I4: Nov | J4: 5889998
A5: Electronics | B5: 4427567 | E5: Electronics | F5: 393 | I5: Grand Total | J5: 10667602
A6: Home Decor | B6: 8544092 | E6: Home Decor | F6: 796
A7: Other | B7: 1159555 | E7: Other | F7: 155
A8: Precious Items | B8: 3196735 | E8: Precious Items | F8: 327
A9: Sweets & Gifts | B9: 3867369 | E9: Sweets & Gifts | F9: 440
A10: (blank) | E10: (blank)
A11: Grand Total | B11: 32245639 | E11: Grand Total | F11: 3015
